{
            "TransactionType": "Pay Bill",
            "TransID": "OJ4268X2GM",
            "TransTime": "20201004160223",
            "TransAmount": "10000.00",
            "BusinessShortCode": "743994",
            "BillRefNumber": "2820104",
            "InvoiceNumber": "",
            "OrgAccountBalance": "10000.00",
            "ThirdPartyTransID": "",
            "MSISDN": "254724704286",
            "FirstName": "MARGARET",
            "MiddleName": "SHIKUKU",
            "LastName": "SIRENGO"
        }
        