{
            "TransactionType": "Pay Bill",
            "TransID": "OJ597D8C9F",
            "TransTime": "20201005162037",
            "TransAmount": "2000.00",
            "BusinessShortCode": "743994",
            "BillRefNumber": "1177934779",
            "InvoiceNumber": "",
            "OrgAccountBalance": "41950.00",
            "ThirdPartyTransID": "",
            "MSISDN": "254726294983",
            "FirstName": "JUDITH",
            "MiddleName": "ATIENO",
            "LastName": "OUMA"
        }
        