{
            "TransactionType": "Pay Bill",
            "TransID": "OJ466NJ7EW",
            "TransTime": "20201004211220",
            "TransAmount": "6000.00",
            "BusinessShortCode": "743994",
            "BillRefNumber": "2820156",
            "InvoiceNumber": "",
            "OrgAccountBalance": "8000.00",
            "ThirdPartyTransID": "",
            "MSISDN": "254799401897",
            "FirstName": "RISPA",
            "MiddleName": "AKINYI",
            "LastName": "OKELLO"
        }
        