{
            "TransactionType": "Pay Bill",
            "TransID": "OK334P307J",
            "TransTime": "20201103121638",
            "TransAmount": "5400.00",
            "BusinessShortCode": "743994",
            "BillRefNumber": "2820032",
            "InvoiceNumber": "",
            "OrgAccountBalance": "12750.00",
            "ThirdPartyTransID": "",
            "MSISDN": "254710640132",
            "FirstName": "KELVIN",
            "MiddleName": "OTIENO",
            "LastName": "OCHIENG"
        }
        