{
            "TransactionType": "Pay Bill",
            "TransID": "OKA8DWBJ4O",
            "TransTime": "20201110212038",
            "TransAmount": "8000.00",
            "BusinessShortCode": "743994",
            "BillRefNumber": "2820086",
            "InvoiceNumber": "",
            "OrgAccountBalance": "8000.00",
            "ThirdPartyTransID": "",
            "MSISDN": "254721320712",
            "FirstName": "MATHEWS",
            "MiddleName": "OGUTU",
            "LastName": "WANDERA"
        }
        