{
            "TransactionType": "Pay Bill",
            "TransID": "OK789JOALU",
            "TransTime": "20201107120319",
            "TransAmount": "500.00",
            "BusinessShortCode": "743994",
            "BillRefNumber": "LA0066 ",
            "InvoiceNumber": "",
            "OrgAccountBalance": "63000.00",
            "ThirdPartyTransID": "",
            "MSISDN": "254795015965",
            "FirstName": "PAUL",
            "MiddleName": "NYARANGA",
            "LastName": ""
        }
        