{
            "TransactionType": "Pay Bill",
            "TransID": "OK87B5D2OR",
            "TransTime": "20201108171005",
            "TransAmount": "9000.00",
            "BusinessShortCode": "743994",
            "BillRefNumber": "2820044",
            "InvoiceNumber": "",
            "OrgAccountBalance": "25000.00",
            "ThirdPartyTransID": "",
            "MSISDN": "254713008482",
            "FirstName": "JAMES",
            "MiddleName": "NGERE",
            "LastName": "MARIRA"
        }
        