{
            "TransactionType": "Pay Bill",
            "TransID": "OJ517W6HFT",
            "TransTime": "20201005233846",
            "TransAmount": "7000.00",
            "BusinessShortCode": "743994",
            "BillRefNumber": "1177934779",
            "InvoiceNumber": "",
            "OrgAccountBalance": "62550.00",
            "ThirdPartyTransID": "",
            "MSISDN": "254711473259",
            "FirstName": "LOICE",
            "MiddleName": "CHAO",
            "LastName": ""
        }
        