{
            "TransactionType": "Pay Bill",
            "TransID": "OK759DHZ29",
            "TransTime": "20201107094326",
            "TransAmount": "11000.00",
            "BusinessShortCode": "743994",
            "BillRefNumber": "2820035",
            "InvoiceNumber": "",
            "OrgAccountBalance": "55500.00",
            "ThirdPartyTransID": "",
            "MSISDN": "254711358547",
            "FirstName": "Ibrahim",
            "MiddleName": "Mohamed",
            "LastName": "Bulle"
        }
        