{
            "TransactionType": "Pay Bill",
            "TransID": "OJ6987SRVX",
            "TransTime": "20201006111656",
            "TransAmount": "8000.00",
            "BusinessShortCode": "743994",
            "BillRefNumber": "1177934779",
            "InvoiceNumber": "",
            "OrgAccountBalance": "88550.00",
            "ThirdPartyTransID": "",
            "MSISDN": "254791160095",
            "FirstName": "MILLIAM",
            "MiddleName": "MUTHONI",
            "LastName": "GITONGA"
        }
        