{
            "TransactionType": "Pay Bill",
            "TransID": "OJ7493BZOC",
            "TransTime": "20201007001106",
            "TransAmount": "3500.00",
            "BusinessShortCode": "743994",
            "BillRefNumber": "LA0103",
            "InvoiceNumber": "",
            "OrgAccountBalance": "127550.00",
            "ThirdPartyTransID": "",
            "MSISDN": "254721246854",
            "FirstName": "BORNFACE",
            "MiddleName": "FREDRICK NYONGESA",
            "LastName": ""
        }
        