{
            "TransactionType": "Pay Bill",
            "TransID": "OJJ3N1R6G5",
            "TransTime": "20201019142939",
            "TransAmount": "8000.00",
            "BusinessShortCode": "743994",
            "BillRefNumber": "1177934779",
            "InvoiceNumber": "",
            "OrgAccountBalance": "12000.00",
            "ThirdPartyTransID": "",
            "MSISDN": "254725051974",
            "FirstName": "GIDEON",
            "MiddleName": "MUHIA",
            "LastName": ""
        }
        