{
            "TransactionType": "Pay Bill",
            "TransID": "OK85BBBXQN",
            "TransTime": "20201108185823",
            "TransAmount": "3000.00",
            "BusinessShortCode": "743994",
            "BillRefNumber": "2820055",
            "InvoiceNumber": "",
            "OrgAccountBalance": "37500.00",
            "ThirdPartyTransID": "",
            "MSISDN": "254716010400",
            "FirstName": "CELESTINE",
            "MiddleName": "WAFULA",
            "LastName": ""
        }
        