{
            "TransactionType": "Pay Bill",
            "TransID": "OK74A2Z7VE",
            "TransTime": "20201107182943",
            "TransAmount": "1000.00",
            "BusinessShortCode": "743994",
            "BillRefNumber": "2820162",
            "InvoiceNumber": "",
            "OrgAccountBalance": "64000.00",
            "ThirdPartyTransID": "",
            "MSISDN": "254708432049",
            "FirstName": "BRENDA",
            "MiddleName": "IBWAKO",
            "LastName": "OSWANA"
        }
        