{
            "TransactionType": "Pay Bill",
            "TransID": "OJ384ODTMQ",
            "TransTime": "20201003100127",
            "TransAmount": "6000.00",
            "BusinessShortCode": "743994",
            "BillRefNumber": "1177934779",
            "InvoiceNumber": "",
            "OrgAccountBalance": "9504.00",
            "ThirdPartyTransID": "",
            "MSISDN": "254725467275",
            "FirstName": "DANIEL",
            "MiddleName": "MAKOKO",
            "LastName": "MASEGHE"
        }
        