{
            "TransactionType": "Pay Bill",
            "TransID": "OJ527C6OEY",
            "TransTime": "20201005155712",
            "TransAmount": "100.00",
            "BusinessShortCode": "743994",
            "BillRefNumber": "1177934779",
            "InvoiceNumber": "",
            "OrgAccountBalance": "39650.00",
            "ThirdPartyTransID": "",
            "MSISDN": "254757016742",
            "FirstName": "leah",
            "MiddleName": "jackline",
            "LastName": "ondiek"
        }
        