{
            "TransactionType": "Pay Bill",
            "TransID": "OJL2P7GFU4",
            "TransTime": "20201021143320",
            "TransAmount": "6000.00",
            "BusinessShortCode": "743994",
            "BillRefNumber": "1177934779",
            "InvoiceNumber": "",
            "OrgAccountBalance": "6000.00",
            "ThirdPartyTransID": "",
            "MSISDN": "254743814983",
            "FirstName": "Bett",
            "MiddleName": "Auma",
            "LastName": ""
        }
        