{
            "TransactionType": "Pay Bill",
            "TransID": "OJ3759WW3L",
            "TransTime": "20201003175510",
            "TransAmount": "6000.00",
            "BusinessShortCode": "743994",
            "BillRefNumber": "1177934779",
            "InvoiceNumber": "",
            "OrgAccountBalance": "15504.00",
            "ThirdPartyTransID": "",
            "MSISDN": "254799949726",
            "FirstName": "christine",
            "MiddleName": "olinda",
            "LastName": ""
        }
        