{
            "TransactionType": "Pay Bill",
            "TransID": "OK526TH4WE",
            "TransTime": "20201105081306",
            "TransAmount": "7000.00",
            "BusinessShortCode": "743994",
            "BillRefNumber": "1177934779",
            "InvoiceNumber": "",
            "OrgAccountBalance": "38000.00",
            "ThirdPartyTransID": "",
            "MSISDN": "254721159722",
            "FirstName": "RITA",
            "MiddleName": "NAKHONE",
            "LastName": "NEKESA"
        }
        