{
            "TransactionType": "Pay Bill",
            "TransID": "OK537JRDCZ",
            "TransTime": "20201105181124",
            "TransAmount": "6500.00",
            "BusinessShortCode": "743994",
            "BillRefNumber": "2820107",
            "InvoiceNumber": "",
            "OrgAccountBalance": "6500.00",
            "ThirdPartyTransID": "",
            "MSISDN": "254724982069",
            "FirstName": "EMMA",
            "MiddleName": "ONYANGO",
            "LastName": ""
        }
        