{
            "TransactionType": "Pay Bill",
            "TransID": "OK93C5RW3T",
            "TransTime": "20201109152818",
            "TransAmount": "7000.00",
            "BusinessShortCode": "743994",
            "BillRefNumber": "2820054",
            "InvoiceNumber": "",
            "OrgAccountBalance": "75000.00",
            "ThirdPartyTransID": "",
            "MSISDN": "254715785126",
            "FirstName": "RUTH",
            "MiddleName": "NEKESA",
            "LastName": "SIMIYU"
        }
        