{
            "TransactionType": "Pay Bill",
            "TransID": "OK223RH0R8",
            "TransTime": "20201102154601",
            "TransAmount": "7000.00",
            "BusinessShortCode": "743994",
            "BillRefNumber": "1177934779",
            "InvoiceNumber": "",
            "OrgAccountBalance": "7000.00",
            "ThirdPartyTransID": "",
            "MSISDN": "254710922333",
            "FirstName": "PETER",
            "MiddleName": "OCHIENG",
            "LastName": "ODUOR"
        }
        