{
            "TransactionType": "Pay Bill",
            "TransID": "OK87AN739F",
            "TransTime": "20201108100108",
            "TransAmount": "7000.00",
            "BusinessShortCode": "743994",
            "BillRefNumber": "1177934779",
            "InvoiceNumber": "",
            "OrgAccountBalance": "7000.00",
            "ThirdPartyTransID": "",
            "MSISDN": "254707318730",
            "FirstName": "JORAM",
            "MiddleName": "JUMA",
            "LastName": "ODHIAMBO"
        }
        