{
            "TransactionType": "Pay Bill",
            "TransID": "OK507MBEOC",
            "TransTime": "20201105184857",
            "TransAmount": "6000.00",
            "BusinessShortCode": "743994",
            "BillRefNumber": "2820060",
            "InvoiceNumber": "",
            "OrgAccountBalance": "12500.00",
            "ThirdPartyTransID": "",
            "MSISDN": "254716873504",
            "FirstName": "PETER",
            "MiddleName": "MUSWANYI",
            "LastName": ""
        }
        