{
            "TransactionType": "Pay Bill",
            "TransID": "OJ213K5VRF",
            "TransTime": "20201002112112",
            "TransAmount": "3500.00",
            "BusinessShortCode": "743994",
            "BillRefNumber": "1177934779",
            "InvoiceNumber": "",
            "OrgAccountBalance": "8700.00",
            "ThirdPartyTransID": "",
            "MSISDN": "254714981418",
            "FirstName": "WINFRESHER",
            "MiddleName": "AUMA",
            "LastName": "ODUORI"
        }
        