{
            "TransactionType": "Pay Bill",
            "TransID": "OJ547BMO64",
            "TransTime": "20201005154446",
            "TransAmount": "10000.00",
            "BusinessShortCode": "743994",
            "BillRefNumber": "1177934779",
            "InvoiceNumber": "",
            "OrgAccountBalance": "29050.00",
            "ThirdPartyTransID": "",
            "MSISDN": "254708546328",
            "FirstName": "CHRISTOPHER",
            "MiddleName": "MWANGATA",
            "LastName": "MWAVUNA"
        }
        