{
            "TransactionType": "Pay Bill",
            "TransID": "OJV51N16J5",
            "TransTime": "20201031180103",
            "TransAmount": "5000.00",
            "BusinessShortCode": "743994",
            "BillRefNumber": "2820047",
            "InvoiceNumber": "",
            "OrgAccountBalance": "11000.00",
            "ThirdPartyTransID": "",
            "MSISDN": "254714328733",
            "FirstName": "NICHOLAS",
            "MiddleName": "WANYAMA",
            "LastName": "WANYAMA AJUMA"
        }
        