{
            "TransactionType": "Pay Bill",
            "TransID": "OK6087SWTQ",
            "TransTime": "20201106104821",
            "TransAmount": "8000.00",
            "BusinessShortCode": "743994",
            "BillRefNumber": "Ekaba",
            "InvoiceNumber": "",
            "OrgAccountBalance": "21000.00",
            "ThirdPartyTransID": "",
            "MSISDN": "254759921037",
            "FirstName": "SULEIMAN",
            "MiddleName": "NGOLIO",
            "LastName": "ALJAB"
        }
        