{
            "TransactionType": "Pay Bill",
            "TransID": "OK739BJ6IZ",
            "TransTime": "20201107085532",
            "TransAmount": "6000.00",
            "BusinessShortCode": "743994",
            "BillRefNumber": "2820157",
            "InvoiceNumber": "",
            "OrgAccountBalance": "40500.00",
            "ThirdPartyTransID": "",
            "MSISDN": "254799907888",
            "FirstName": "Benard",
            "MiddleName": "Otieno",
            "LastName": "Auma"
        }
        