{
            "TransactionType": "Pay Bill",
            "TransID": "OJ6284YE16",
            "TransTime": "20201006100909",
            "TransAmount": "7000.00",
            "BusinessShortCode": "743994",
            "BillRefNumber": "1177934779",
            "InvoiceNumber": "",
            "OrgAccountBalance": "69550.00",
            "ThirdPartyTransID": "",
            "MSISDN": "254721653090",
            "FirstName": "Luka",
            "MiddleName": "michugu",
            "LastName": "karugo"
        }
        