{
            "TransactionType": "Pay Bill",
            "TransID": "OJ243FXTFO",
            "TransTime": "20201002093750",
            "TransAmount": "5200.00",
            "BusinessShortCode": "743994",
            "BillRefNumber": "1177934779",
            "InvoiceNumber": "",
            "OrgAccountBalance": "5200.00",
            "ThirdPartyTransID": "",
            "MSISDN": "254721280875",
            "FirstName": "PETER",
            "MiddleName": "JAMES",
            "LastName": "MURAGE"
        }
        