{
            "TransactionType": "Pay Bill",
            "TransID": "OJQ0UZ2W0Q",
            "TransTime": "20201026182748",
            "TransAmount": "2500.00",
            "BusinessShortCode": "743994",
            "BillRefNumber": "1177934779",
            "InvoiceNumber": "",
            "OrgAccountBalance": "2500.00",
            "ThirdPartyTransID": "",
            "MSISDN": "254725491958",
            "FirstName": "WASHINGTON",
            "MiddleName": "OPONDO",
            "LastName": "OPONDO JUMA"
        }
        