{
            "TransactionType": "Pay Bill",
            "TransID": "OK395HCULJ",
            "TransTime": "20201103215524",
            "TransAmount": "1000.00",
            "BusinessShortCode": "743994",
            "BillRefNumber": "2820003",
            "InvoiceNumber": "",
            "OrgAccountBalance": "32750.00",
            "ThirdPartyTransID": "",
            "MSISDN": "254700171608",
            "FirstName": "PHILISTER",
            "MiddleName": "AWOUR",
            "LastName": ""
        }
        