{
            "TransactionType": "Pay Bill",
            "TransID": "OK475OM2OF",
            "TransTime": "20201104091411",
            "TransAmount": "11000.00",
            "BusinessShortCode": "743994",
            "BillRefNumber": "2820001",
            "InvoiceNumber": "",
            "OrgAccountBalance": "11000.00",
            "ThirdPartyTransID": "",
            "MSISDN": "254727465205",
            "FirstName": "EDWIN",
            "MiddleName": "MAKALE",
            "LastName": "KUFUU MAKALE"
        }
        