{
            "TransactionType": "Pay Bill",
            "TransID": "OJ507LHCD0",
            "TransTime": "20201005185156",
            "TransAmount": "6500.00",
            "BusinessShortCode": "743994",
            "BillRefNumber": "lesa",
            "InvoiceNumber": "",
            "OrgAccountBalance": "48550.00",
            "ThirdPartyTransID": "",
            "MSISDN": "254746150902",
            "FirstName": "EVERLINE",
            "MiddleName": "WERIMO",
            "LastName": "INGUTIA"
        }
        