{
            "TransactionType": "Pay Bill",
            "TransID": "OJM0QC3ZHW",
            "TransTime": "20201022151227",
            "TransAmount": "500.00",
            "BusinessShortCode": "743994",
            "BillRefNumber": "LA0066",
            "InvoiceNumber": "",
            "OrgAccountBalance": "8000.00",
            "ThirdPartyTransID": "",
            "MSISDN": "254712319368",
            "FirstName": "PAMELA",
            "MiddleName": "NASIMIYU",
            "LastName": "WALUNYWA"
        }
        