{
            "TransactionType": "Pay Bill",
            "TransID": "OJK6NO8CDQ",
            "TransTime": "20201020004219",
            "TransAmount": "1700.00",
            "BusinessShortCode": "743994",
            "BillRefNumber": "1177934779",
            "InvoiceNumber": "",
            "OrgAccountBalance": "1700.00",
            "ThirdPartyTransID": "",
            "MSISDN": "254710400926",
            "FirstName": "PATRICK",
            "MiddleName": "PAUL",
            "LastName": "OCHIENG"
        }
        