{
            "TransactionType": "Pay Bill",
            "TransID": "OK426K79V4",
            "TransTime": "20201104201040",
            "TransAmount": "5000.00",
            "BusinessShortCode": "743994",
            "BillRefNumber": "2820033",
            "InvoiceNumber": "",
            "OrgAccountBalance": "31000.00",
            "ThirdPartyTransID": "",
            "MSISDN": "254711105986",
            "FirstName": "SHARONROSE",
            "MiddleName": "MUNYASA",
            "LastName": "LUNG'AHO"
        }
        