{
            "TransactionType": "Pay Bill",
            "TransID": "OK416G0LSP",
            "TransTime": "20201104190448",
            "TransAmount": "8000.00",
            "BusinessShortCode": "743994",
            "BillRefNumber": "1177934779",
            "InvoiceNumber": "",
            "OrgAccountBalance": "13000.00",
            "ThirdPartyTransID": "",
            "MSISDN": "254796752537",
            "FirstName": "LYDIA",
            "MiddleName": "PENINA",
            "LastName": "AMBUGA"
        }
        