{
            "TransactionType": "Pay Bill",
            "TransID": "OJJ3N1K9IH",
            "TransTime": "20201019142506",
            "TransAmount": "4000.00",
            "BusinessShortCode": "743994",
            "BillRefNumber": "2820027",
            "InvoiceNumber": "",
            "OrgAccountBalance": "4000.00",
            "ThirdPartyTransID": "",
            "MSISDN": "254710239331",
            "FirstName": "ISCARIOTE",
            "MiddleName": "ODUOR",
            "LastName": "OKOTH"
        }
        