{
            "TransactionType": "Pay Bill",
            "TransID": "OK435XLPVD",
            "TransTime": "20201104125421",
            "TransAmount": "5000.00",
            "BusinessShortCode": "743994",
            "BillRefNumber": "1177934779",
            "InvoiceNumber": "",
            "OrgAccountBalance": "5000.00",
            "ThirdPartyTransID": "",
            "MSISDN": "254721967134",
            "FirstName": "WILBRODA",
            "MiddleName": "NAROCHO",
            "LastName": ""
        }
        