{
            "TransactionType": "Pay Bill",
            "TransID": "OJJ0N0PTSK",
            "TransTime": "20201019140449",
            "TransAmount": "1600.00",
            "BusinessShortCode": "743994",
            "BillRefNumber": "1177934779",
            "InvoiceNumber": "",
            "OrgAccountBalance": "8600.00",
            "ThirdPartyTransID": "",
            "MSISDN": "254728386994",
            "FirstName": "BARIKALI",
            "MiddleName": "LULI",
            "LastName": "HADI"
        }
        