{
            "TransactionType": "Pay Bill",
            "TransID": "OJJ4N08TDG",
            "TransTime": "20201019135326",
            "TransAmount": "7000.00",
            "BusinessShortCode": "743994",
            "BillRefNumber": "1177934779",
            "InvoiceNumber": "",
            "OrgAccountBalance": "7000.00",
            "ThirdPartyTransID": "",
            "MSISDN": "254728386994",
            "FirstName": "BARIKALI",
            "MiddleName": "LULI",
            "LastName": "HADI"
        }
        