{
            "TransactionType": "Pay Bill",
            "TransID": "OJ79A5K4T1",
            "TransTime": "20201007205158",
            "TransAmount": "4000.00",
            "BusinessShortCode": "743994",
            "BillRefNumber": "1177934779",
            "InvoiceNumber": "",
            "OrgAccountBalance": "167050.00",
            "ThirdPartyTransID": "",
            "MSISDN": "254716129639",
            "FirstName": "Judy",
            "MiddleName": "Nabwire",
            "LastName": ""
        }
        