{
            "TransactionType": "Pay Bill",
            "TransID": "OJ799N6MWH",
            "TransTime": "20201007145237",
            "TransAmount": "6000.00",
            "BusinessShortCode": "743994",
            "BillRefNumber": "2820050",
            "InvoiceNumber": "",
            "OrgAccountBalance": "163050.00",
            "ThirdPartyTransID": "",
            "MSISDN": "254714867848",
            "FirstName": "SHARON",
            "MiddleName": "NANCY",
            "LastName": "NECHESA"
        }
        