{
            "TransactionType": "Pay Bill",
            "TransID": "OKA1D4LPOT",
            "TransTime": "20201110120353",
            "TransAmount": "6000.00",
            "BusinessShortCode": "743994",
            "BillRefNumber": "2820061",
            "InvoiceNumber": "",
            "OrgAccountBalance": "6000.00",
            "ThirdPartyTransID": "",
            "MSISDN": "254716903145",
            "FirstName": "VICTOR",
            "MiddleName": "OCHIENG",
            "LastName": ""
        }
        