{
            "TransactionType": "Pay Bill",
            "TransID": "OJ729FRKB0",
            "TransTime": "20201007115105",
            "TransAmount": "6000.00",
            "BusinessShortCode": "743994",
            "BillRefNumber": "1177934779",
            "InvoiceNumber": "",
            "OrgAccountBalance": "150050.00",
            "ThirdPartyTransID": "",
            "MSISDN": "254703724466",
            "FirstName": "ROBINA",
            "MiddleName": "WAKO",
            "LastName": "SARA"
        }
        