{
            "TransactionType": "Pay Bill",
            "TransID": "OK93BMHW9H",
            "TransTime": "20201109071922",
            "TransAmount": "7000.00",
            "BusinessShortCode": "743994",
            "BillRefNumber": "2820089",
            "InvoiceNumber": "",
            "OrgAccountBalance": "48500.00",
            "ThirdPartyTransID": "",
            "MSISDN": "254721653090",
            "FirstName": "Luka",
            "MiddleName": "michugu",
            "LastName": "karugo"
        }
        