{
            "TransactionType": "Pay Bill",
            "TransID": "OKB5EVWFO9",
            "TransTime": "20201111185856",
            "TransAmount": "5000.00",
            "BusinessShortCode": "743994",
            "BillRefNumber": "Alex",
            "InvoiceNumber": "",
            "OrgAccountBalance": "5000.00",
            "ThirdPartyTransID": "",
            "MSISDN": "254727731040",
            "FirstName": "ALEX",
            "MiddleName": "OKOTH",
            "LastName": "JOLANNAH"
        }
        