{
            "TransactionType": "Pay Bill",
            "TransID": "OK89B7FKK1",
            "TransTime": "20201108175052",
            "TransAmount": "3500.00",
            "BusinessShortCode": "743994",
            "BillRefNumber": "1177934779",
            "InvoiceNumber": "",
            "OrgAccountBalance": "28500.00",
            "ThirdPartyTransID": "",
            "MSISDN": "254726725968",
            "FirstName": "JOSEPH",
            "MiddleName": "OYODA",
            "LastName": ""
        }
        