{
            "TransactionType": "Pay Bill",
            "TransID": "OK486JUAYO",
            "TransTime": "20201104200419",
            "TransAmount": "7000.00",
            "BusinessShortCode": "743994",
            "BillRefNumber": "1177934779",
            "InvoiceNumber": "",
            "OrgAccountBalance": "26000.00",
            "ThirdPartyTransID": "",
            "MSISDN": "254711473259",
            "FirstName": "LOICE",
            "MiddleName": "CHAO",
            "LastName": ""
        }
        