{
            "TransactionType": "Pay Bill",
            "TransID": "OJ85AGMJP3",
            "TransTime": "20201008095325",
            "TransAmount": "3000.00",
            "BusinessShortCode": "743994",
            "BillRefNumber": "1177934779",
            "InvoiceNumber": "",
            "OrgAccountBalance": "174050.00",
            "ThirdPartyTransID": "",
            "MSISDN": "254769064719",
            "FirstName": "PETER",
            "MiddleName": "SIMIYU",
            "LastName": "NAMBIA"
        }
        