{
            "TransactionType": "Pay Bill",
            "TransID": "OK628PYW94",
            "TransTime": "20201106172926",
            "TransAmount": "3500.00",
            "BusinessShortCode": "743994",
            "BillRefNumber": "1177934779",
            "InvoiceNumber": "",
            "OrgAccountBalance": "24500.00",
            "ThirdPartyTransID": "",
            "MSISDN": "254710400926",
            "FirstName": "PATRICK",
            "MiddleName": "PAUL",
            "LastName": "OCHIENG"
        }
        