{
            "TransactionType": "Pay Bill",
            "TransID": "OK92CNKYP8",
            "TransTime": "20201109204458",
            "TransAmount": "4000.00",
            "BusinessShortCode": "743994",
            "BillRefNumber": "2820025",
            "InvoiceNumber": "",
            "OrgAccountBalance": "21000.00",
            "ThirdPartyTransID": "",
            "MSISDN": "254716129639",
            "FirstName": "Judy",
            "MiddleName": "Nabwire",
            "LastName": ""
        }
        