{
            "TransactionType": "Pay Bill",
            "TransID": "OJ698ITH5R",
            "TransTime": "20201006154111",
            "TransAmount": "7000.00",
            "BusinessShortCode": "743994",
            "BillRefNumber": "2820019",
            "InvoiceNumber": "",
            "OrgAccountBalance": "118050.00",
            "ThirdPartyTransID": "",
            "MSISDN": "254707318730",
            "FirstName": "JORAM",
            "MiddleName": "JUMA",
            "LastName": "ODHIAMBO"
        }
        