{
            "TransactionType": "Pay Bill",
            "TransID": "OJ658I6K1R",
            "TransTime": "20201006152611",
            "TransAmount": "6000.00",
            "BusinessShortCode": "743994",
            "BillRefNumber": "2820157",
            "InvoiceNumber": "",
            "OrgAccountBalance": "105050.00",
            "ThirdPartyTransID": "",
            "MSISDN": "254799907888",
            "FirstName": "Benard",
            "MiddleName": "Otieno",
            "LastName": "Auma"
        }
        