{
            "TransactionType": "Pay Bill",
            "TransID": "OK86ASTR0C",
            "TransTime": "20201108122914",
            "TransAmount": "6000.00",
            "BusinessShortCode": "743994",
            "BillRefNumber": "2820050",
            "InvoiceNumber": "",
            "OrgAccountBalance": "16000.00",
            "ThirdPartyTransID": "",
            "MSISDN": "254714867848",
            "FirstName": "SHARON",
            "MiddleName": "NANCY",
            "LastName": "NECHESA"
        }
        