{
            "TransactionType": "Pay Bill",
            "TransID": "OJR5VDCX0L",
            "TransTime": "20201027080815",
            "TransAmount": "3400.00",
            "BusinessShortCode": "743994",
            "BillRefNumber": "1177934779",
            "InvoiceNumber": "",
            "OrgAccountBalance": "3400.00",
            "ThirdPartyTransID": "",
            "MSISDN": "254725455281",
            "FirstName": "KENNETH",
            "MiddleName": "WATITU",
            "LastName": "NJOKI"
        }
        