{
            "TransactionType": "Pay Bill",
            "TransID": "OKB5E6IL51",
            "TransTime": "20201111095730",
            "TransAmount": "3000.00",
            "BusinessShortCode": "743994",
            "BillRefNumber": "2820049",
            "InvoiceNumber": "",
            "OrgAccountBalance": "36000.00",
            "ThirdPartyTransID": "",
            "MSISDN": "254714710372",
            "FirstName": "STEPHEN",
            "MiddleName": "NGIGI",
            "LastName": "MBIRA"
        }
        