{
            "TransactionType": "Pay Bill",
            "TransID": "OJ537ARJCD",
            "TransTime": "20201005152454",
            "TransAmount": "3000.00",
            "BusinessShortCode": "743994",
            "BillRefNumber": "1177934779",
            "InvoiceNumber": "",
            "OrgAccountBalance": "19050.00",
            "ThirdPartyTransID": "",
            "MSISDN": "254757016742",
            "FirstName": "leah",
            "MiddleName": "jackline",
            "LastName": "ondiek"
        }
        