{
            "TransactionType": "Pay Bill",
            "TransID": "OJ89AKS5MT",
            "TransTime": "20201008113559",
            "TransAmount": "6000.00",
            "BusinessShortCode": "743994",
            "BillRefNumber": "1177934779",
            "InvoiceNumber": "",
            "OrgAccountBalance": "196050.00",
            "ThirdPartyTransID": "",
            "MSISDN": "254716903145",
            "FirstName": "VICTOR",
            "MiddleName": "OCHIENG",
            "LastName": ""
        }
        