{
            "TransactionType": "Pay Bill",
            "TransID": "OK64841V7S",
            "TransTime": "20201106091713",
            "TransAmount": "3500.00",
            "BusinessShortCode": "743994",
            "BillRefNumber": "2820128",
            "InvoiceNumber": "",
            "OrgAccountBalance": "13000.00",
            "ThirdPartyTransID": "",
            "MSISDN": "254728575820",
            "FirstName": "JULIUS",
            "MiddleName": "WAMUGUNDA",
            "LastName": "MATHENGE"
        }
        