{
            "TransactionType": "Pay Bill",
            "TransID": "OJ234EPLW7",
            "TransTime": "20201002221326",
            "TransAmount": "3500.00",
            "BusinessShortCode": "743994",
            "BillRefNumber": "1177934779",
            "InvoiceNumber": "",
            "OrgAccountBalance": "3500.00",
            "ThirdPartyTransID": "",
            "MSISDN": "254722792012",
            "FirstName": "JUSTUS",
            "MiddleName": "TORKOSH",
            "LastName": ""
        }
        