{
            "TransactionType": "Pay Bill",
            "TransID": "OK698RZK7H",
            "TransTime": "20201106180355",
            "TransAmount": "1000.00",
            "BusinessShortCode": "743994",
            "BillRefNumber": "2820127",
            "InvoiceNumber": "",
            "OrgAccountBalance": "25500.00",
            "ThirdPartyTransID": "",
            "MSISDN": "254728401811",
            "FirstName": "Rhoda",
            "MiddleName": "Ann",
            "LastName": "Mwaniki"
        }
        