{
            "TransactionType": "Pay Bill",
            "TransID": "OJ84AHZQ6K",
            "TransTime": "20201008102747",
            "TransAmount": "7000.00",
            "BusinessShortCode": "743994",
            "BillRefNumber": "2820112",
            "InvoiceNumber": "",
            "OrgAccountBalance": "181050.00",
            "ThirdPartyTransID": "",
            "MSISDN": "254725558105",
            "FirstName": "PRAXIDIS",
            "MiddleName": "SHIRANDA",
            "LastName": ""
        }
        