{
            "TransactionType": "Pay Bill",
            "TransID": "OK506UW5OI",
            "TransTime": "20201105085345",
            "TransAmount": "6000.00",
            "BusinessShortCode": "743994",
            "BillRefNumber": "1177934779",
            "InvoiceNumber": "",
            "OrgAccountBalance": "44000.00",
            "ThirdPartyTransID": "",
            "MSISDN": "254722734988",
            "FirstName": "PATRICK",
            "MiddleName": "WAMBANI",
            "LastName": "OGUTU WAMBANI"
        }
        