{
            "TransactionType": "Pay Bill",
            "TransID": "OK213IMCUL",
            "TransTime": "20201102121632",
            "TransAmount": "3500.00",
            "BusinessShortCode": "743994",
            "BillRefNumber": "2820052",
            "InvoiceNumber": "",
            "OrgAccountBalance": "3500.00",
            "ThirdPartyTransID": "",
            "MSISDN": "254714981418",
            "FirstName": "WINFRESHER",
            "MiddleName": "AUMA",
            "LastName": "ODUORI"
        }
        