{
            "TransactionType": "Pay Bill",
            "TransID": "OJ597MJUXD",
            "TransTime": "20201005190700",
            "TransAmount": "7000.00",
            "BusinessShortCode": "743994",
            "BillRefNumber": "2820066",
            "InvoiceNumber": "",
            "OrgAccountBalance": "55550.00",
            "ThirdPartyTransID": "",
            "MSISDN": "254717405669",
            "FirstName": "CYNTHIA",
            "MiddleName": "S",
            "LastName": "AWUOR"
        }
        