{
            "TransactionType": "Pay Bill",
            "TransID": "OK5473B8NW",
            "TransTime": "20201105121955",
            "TransAmount": "2000.00",
            "BusinessShortCode": "743994",
            "BillRefNumber": "LA0066",
            "InvoiceNumber": "",
            "OrgAccountBalance": "2000.00",
            "ThirdPartyTransID": "",
            "MSISDN": "254795015965",
            "FirstName": "PAUL",
            "MiddleName": "NYARANGA",
            "LastName": ""
        }
        