{
            "TransactionType": "Pay Bill",
            "TransID": "OK83B93TNX",
            "TransTime": "20201108182156",
            "TransAmount": "6000.00",
            "BusinessShortCode": "743994",
            "BillRefNumber": "1177934779",
            "InvoiceNumber": "",
            "OrgAccountBalance": "34500.00",
            "ThirdPartyTransID": "",
            "MSISDN": "254703724466",
            "FirstName": "ROBINA",
            "MiddleName": "WAKO",
            "LastName": "SARA"
        }
        