{
            "TransactionType": "Pay Bill",
            "TransID": "OK436H48UD",
            "TransTime": "20201104192036",
            "TransAmount": "6000.00",
            "BusinessShortCode": "743994",
            "BillRefNumber": "2820063",
            "InvoiceNumber": "",
            "OrgAccountBalance": "19000.00",
            "ThirdPartyTransID": "",
            "MSISDN": "254717106279",
            "FirstName": "KEVIN",
            "MiddleName": "OUMA",
            "LastName": "OUMA WANGA"
        }
        