{
            "TransactionType": "Pay Bill",
            "TransID": "OJ81AJ4EWH",
            "TransTime": "20201008105517",
            "TransAmount": "9000.00",
            "BusinessShortCode": "743994",
            "BillRefNumber": "1177934779",
            "InvoiceNumber": "",
            "OrgAccountBalance": "190050.00",
            "ThirdPartyTransID": "",
            "MSISDN": "254799736322",
            "FirstName": "VERONICA",
            "MiddleName": "NABWIRE",
            "LastName": "MADANGA"
        }
        