{
            "TransactionType": "Pay Bill",
            "TransID": "OKA2DQKZG2",
            "TransTime": "20201110192815",
            "TransAmount": "4000.00",
            "BusinessShortCode": "743994",
            "BillRefNumber": "1177934779",
            "InvoiceNumber": "",
            "OrgAccountBalance": "18000.00",
            "ThirdPartyTransID": "",
            "MSISDN": "254715377837",
            "FirstName": "COSMAS",
            "MiddleName": "OTIENO",
            "LastName": "OUKO"
        }
        