{
            "TransactionType": "Pay Bill",
            "TransID": "OJ83AG34ZF",
            "TransTime": "20201008093938",
            "TransAmount": "4000.00",
            "BusinessShortCode": "743994",
            "BillRefNumber": ",2820042",
            "InvoiceNumber": "",
            "OrgAccountBalance": "171050.00",
            "ThirdPartyTransID": "",
            "MSISDN": "254712546431",
            "FirstName": "ENOCK",
            "MiddleName": "NAMULANDA",
            "LastName": "MUBWEKA"
        }
        