{
            "TransactionType": "Pay Bill",
            "TransID": "OJ6985K5KB",
            "TransTime": "20201006102343",
            "TransAmount": "11000.00",
            "BusinessShortCode": "743994",
            "BillRefNumber": "1177934779",
            "InvoiceNumber": "",
            "OrgAccountBalance": "80550.00",
            "ThirdPartyTransID": "",
            "MSISDN": "254720384953",
            "FirstName": "HABIBA",
            "MiddleName": "MAHOMED",
            "LastName": ""
        }
        