{
            "TransactionType": "Pay Bill",
            "TransID": "OJ395COEDB",
            "TransTime": "20201003184232",
            "TransAmount": "3500.00",
            "BusinessShortCode": "743994",
            "BillRefNumber": "LA0103",
            "InvoiceNumber": "",
            "OrgAccountBalance": "19004.00",
            "ThirdPartyTransID": "",
            "MSISDN": "254721246854",
            "FirstName": "BORNFACE",
            "MiddleName": "FREDRICK NYONGESA",
            "LastName": ""
        }
        