{
            "TransactionType": "Pay Bill",
            "TransID": "OK243B5QMW",
            "TransTime": "20201102091257",
            "TransAmount": "4000.00",
            "BusinessShortCode": "743994",
            "BillRefNumber": "1177934779",
            "InvoiceNumber": "",
            "OrgAccountBalance": "4000.00",
            "ThirdPartyTransID": "",
            "MSISDN": "254714093802",
            "FirstName": "LEVINE",
            "MiddleName": "ATIENO",
            "LastName": "OMONDI"
        }
        