{
            "TransactionType": "Pay Bill",
            "TransID": "OKA1D2Q7P3",
            "TransTime": "20201110111852",
            "TransAmount": "8000.00",
            "BusinessShortCode": "743994",
            "BillRefNumber": "2820078",
            "InvoiceNumber": "",
            "OrgAccountBalance": "8000.00",
            "ThirdPartyTransID": "",
            "MSISDN": "254720581707",
            "FirstName": "ESTHER",
            "MiddleName": "NYAWIRA",
            "LastName": "MUGO"
        }
        