{
            "TransactionType": "Pay Bill",
            "TransID": "OK5474EGAS",
            "TransTime": "20201105124549",
            "TransAmount": "1.00",
            "BusinessShortCode": "743994",
            "BillRefNumber": "Aaron",
            "InvoiceNumber": "",
            "OrgAccountBalance": "2001.00",
            "ThirdPartyTransID": "",
            "MSISDN": "254702139461",
            "FirstName": "AARON",
            "MiddleName": "MOENGA",
            "LastName": "NYABUTO"
        }
        