{
            "TransactionType": "Pay Bill",
            "TransID": "OJJ6ND4S8A",
            "TransTime": "20201019183213",
            "TransAmount": "10000.00",
            "BusinessShortCode": "743994",
            "BillRefNumber": "1177934779",
            "InvoiceNumber": "",
            "OrgAccountBalance": "10000.00",
            "ThirdPartyTransID": "",
            "MSISDN": "254721535050",
            "FirstName": "STANLEY",
            "MiddleName": "MUNJUGAH",
            "LastName": ""
        }
        