{
            "TransactionType": "Pay Bill",
            "TransID": "OKB7E1RSIT",
            "TransTime": "20201111074128",
            "TransAmount": "3000.00",
            "BusinessShortCode": "743994",
            "BillRefNumber": "JOHN KINYUA",
            "InvoiceNumber": "",
            "OrgAccountBalance": "11000.00",
            "ThirdPartyTransID": "",
            "MSISDN": "254768185810",
            "FirstName": "JOHN",
            "MiddleName": "KINYUA",
            "LastName": "NJOKI"
        }
        