{
            "TransactionType": "Pay Bill",
            "TransID": "OJ314MKCT9",
            "TransTime": "20201003091750",
            "TransAmount": "2.00",
            "BusinessShortCode": "743994",
            "BillRefNumber": "LA0018",
            "InvoiceNumber": "",
            "OrgAccountBalance": "3504.00",
            "ThirdPartyTransID": "",
            "MSISDN": "254728519621",
            "FirstName": "ERIC",
            "MiddleName": "NDUNGU",
            "LastName": "RIBIA"
        }
        