{
            "TransactionType": "Pay Bill",
            "TransID": "OJ596RNC0L",
            "TransTime": "20201005065843",
            "TransAmount": "2000.00",
            "BusinessShortCode": "743994",
            "BillRefNumber": "1177934779",
            "InvoiceNumber": "",
            "OrgAccountBalance": "10000.00",
            "ThirdPartyTransID": "",
            "MSISDN": "254706375776",
            "FirstName": "SALIM",
            "MiddleName": "OWINO",
            "LastName": "OMONDI"
        }
        