{
            "TransactionType": "Pay Bill",
            "TransID": "OK91C03EKR",
            "TransTime": "20201109131639",
            "TransAmount": "3000.00",
            "BusinessShortCode": "743994",
            "BillRefNumber": "2820144",
            "InvoiceNumber": "",
            "OrgAccountBalance": "68000.00",
            "ThirdPartyTransID": "",
            "MSISDN": "254799949726",
            "FirstName": "christine",
            "MiddleName": "olinda",
            "LastName": ""
        }
        