{
            "TransactionType": "Pay Bill",
            "TransID": "OIU31R3B01",
            "TransTime": "20200930185337",
            "TransAmount": "7000.00",
            "BusinessShortCode": "743994",
            "BillRefNumber": "1177934779",
            "InvoiceNumber": "",
            "OrgAccountBalance": "12200.00",
            "ThirdPartyTransID": "",
            "MSISDN": "254768501736",
            "FirstName": "RITA",
            "MiddleName": "NAKHONE",
            "LastName": "NEKESA"
        }
        