{
            "TransactionType": "Pay Bill",
            "TransID": "OIU91TJZ4V",
            "TransTime": "20200930192953",
            "TransAmount": "12000.00",
            "BusinessShortCode": "743994",
            "BillRefNumber": "1177934779",
            "InvoiceNumber": "",
            "OrgAccountBalance": "24200.00",
            "ThirdPartyTransID": "",
            "MSISDN": "254796752537",
            "FirstName": "LYDIA",
            "MiddleName": "PENINA",
            "LastName": "AMBUGA"
        }
        