{
            "TransactionType": "Pay Bill",
            "TransID": "OK5677PFNY",
            "TransTime": "20201105140246",
            "TransAmount": "4000.00",
            "BusinessShortCode": "743994",
            "BillRefNumber": "2820020",
            "InvoiceNumber": "",
            "OrgAccountBalance": "11001.00",
            "ThirdPartyTransID": "",
            "MSISDN": "254716208608",
            "FirstName": "JAMES",
            "MiddleName": "O",
            "LastName": "KABESA"
        }
        