{
            "TransactionType": "Pay Bill",
            "TransID": "OJ698IT87T",
            "TransTime": "20201006154106",
            "TransAmount": "6000.00",
            "BusinessShortCode": "743994",
            "BillRefNumber": "2820063",
            "InvoiceNumber": "",
            "OrgAccountBalance": "111050.00",
            "ThirdPartyTransID": "",
            "MSISDN": "254717106279",
            "FirstName": "KEVIN",
            "MiddleName": "OUMA",
            "LastName": "OUMA WANGA"
        }
        