{
            "TransactionType": "Pay Bill",
            "TransID": "OK203H3EJY",
            "TransTime": "20201102113945",
            "TransAmount": "6000.00",
            "BusinessShortCode": "743994",
            "BillRefNumber": "2820108",
            "InvoiceNumber": "",
            "OrgAccountBalance": "13000.00",
            "ThirdPartyTransID": "",
            "MSISDN": "254725105457",
            "FirstName": "EDWIN",
            "MiddleName": "WAFULA",
            "LastName": "SIMIYU"
        }
        