{
            "TransactionType": "Pay Bill",
            "TransID": "OK96BTE8CM",
            "TransTime": "20201109103623",
            "TransAmount": "2500.00",
            "BusinessShortCode": "743994",
            "BillRefNumber": "2820077",
            "InvoiceNumber": "",
            "OrgAccountBalance": "51000.00",
            "ThirdPartyTransID": "",
            "MSISDN": "254720490236",
            "FirstName": "Elizabeth",
            "MiddleName": "akinyi",
            "LastName": "omoto"
        }
        