{
            "TransactionType": "Pay Bill",
            "TransID": "OKA6DD13QK",
            "TransTime": "20201110152218",
            "TransAmount": "2000.00",
            "BusinessShortCode": "743994",
            "BillRefNumber": "2820016",
            "InvoiceNumber": "",
            "OrgAccountBalance": "9500.00",
            "ThirdPartyTransID": "",
            "MSISDN": "254706375776",
            "FirstName": "SALIM",
            "MiddleName": "OWINO",
            "LastName": "OMONDI"
        }
        